{
    "rmse": 0.7097777935965944,
    "mae": 0.5551849135149309,
    "r2": 0.1995479383787887
}